--
-- PostgreSQL database dump
--

-- Dumped from database version 9.4.22
-- Dumped by pg_dump version 10.8 (Ubuntu 10.8-0ubuntu0.18.04.1)

SET statement_timeout = 0;
SET lock_timeout = 0;
SET idle_in_transaction_session_timeout = 0;
SET client_encoding = 'UTF8';
SET standard_conforming_strings = on;
SELECT pg_catalog.set_config('search_path', '', false);
SET check_function_bodies = false;
SET xmloption = content;
SET client_min_messages = warning;
SET row_security = off;

--
-- Name: bike_sharing; Type: SCHEMA; Schema: -; Owner: db2018020
--

CREATE SCHEMA bike_sharing;


ALTER SCHEMA bike_sharing OWNER TO db2018020;

--
-- Name: plpgsql; Type: EXTENSION; Schema: -; Owner: 
--

CREATE EXTENSION IF NOT EXISTS plpgsql WITH SCHEMA pg_catalog;


--
-- Name: EXTENSION plpgsql; Type: COMMENT; Schema: -; Owner: 
--

COMMENT ON EXTENSION plpgsql IS 'PL/pgSQL procedural language';


--
-- Name: add_to_laporan(); Type: FUNCTION; Schema: bike_sharing; Owner: db2018020
--

CREATE FUNCTION bike_sharing.add_to_laporan() RETURNS trigger
    LANGUAGE plpgsql
    AS $$
DECLARE
selisih_pinjam INTEGER;
BEGIN
IF(NEW.datetime_kembali IS NOT NULL) THEN
SELECT EXTRACT(
EPOCH FROM NEW.datetime_kembali-datetime_pinjam)/3600
INTO selisih_pinjam
FROM PEMINJAMAN P
WHERE P.no_kartu_anggota = NEW.no_kartu_anggota
AND P.datetime_pinjam = NEW.datetime_pinjam
AND P.id_stasiun = NEW.id_stasiun
AND P.nomor_sepeda = NEW.nomor_sepeda;

IF(selisih_pinjam > 24) THEN
INSERT INTO 
LAPORAN(id_laporan, no_kartu_anggota, datetime_pinjam, nomor_sepeda, id_stasiun, status)
VALUES (floor(1000000 * random()), NEW.no_kartu_anggota, NEW.datetime_pinjam, NEW.nomor_sepeda, NEW.id_stasiun, floor(1000000 * random()));
END IF;
END IF;
RETURN NEW;
END;
$$;


ALTER FUNCTION bike_sharing.add_to_laporan() OWNER TO db2018020;

--
-- Name: new_row_di_tkp_dan_transaksi(); Type: FUNCTION; Schema: bike_sharing; Owner: db2018020
--

CREATE FUNCTION bike_sharing.new_row_di_tkp_dan_transaksi() RETURNS trigger
    LANGUAGE plpgsql
    AS $$
DECLARE
    jumlah_nominal    INTEGER;
BEGIN
    IF (TG_OP = 'INSERT' OR TG_OP = 'UPDATE') THEN
        IF NEW.datetime_kembali IS NOT NULL THEN
            jumlah_nominal := NEW.biaya + NEW.denda;
            INSERT INTO TRANSAKSI(
                no_kartu_anggota, 
                date_time, 
                jenis, 
                nominal
            )
            VALUES(NEW.no_kartu_anggota, 
                NEW.datetime_kembali, 
                'Peminjaman', 
                jumlah_nominal
            );
            INSERT INTO TRANSAKSI_KHUSUS_PEMINJAMAN(
                no_kartu_anggota,
                date_time,
                datetime_pinjam,
                no_sepeda,
                id_stasiun,
                no_kartu_peminjam
            )
            VALUES(NEW.no_kartu_anggota, 
                NEW.datetime_kembali, 
                NEW.datetime_pinjam,
                NEW.nomor_sepeda, 
                NEW.id_stasiun, 
                NEW.no_kartu_anggota
            );
        END IF;
    END IF;
    RETURN NEW;
END;
$$;


ALTER FUNCTION bike_sharing.new_row_di_tkp_dan_transaksi() OWNER TO db2018020;

--
-- Name: update_denda_peminjaman(); Type: FUNCTION; Schema: bike_sharing; Owner: db2018020
--

CREATE FUNCTION bike_sharing.update_denda_peminjaman() RETURNS trigger
    LANGUAGE plpgsql
    AS $$
DECLARE
selisih_pinjam INTEGER;
BEGIN
IF (TG_OP = 'UPDATE') THEN
SELECT EXTRACT(
EPOCH FROM NEW.datetime_kembali-datetime_pinjam)/3600
INTO selisih_pinjam 
FROM PEMINJAMAN P
WHERE P.no_kartu_anggota = NEW.no_kartu_anggota
AND P.datetime_pinjam = NEW.datetime_pinjam
AND P.id_stasiun = NEW.id_stasiun
AND P.nomor_sepeda = NEW.nomor_sepeda;

IF (selisih_pinjam > 24) THEN
UPDATE PEMINJAMAN P
SET denda = denda + 3000000
WHERE P.no_kartu_anggota = NEW.no_kartu_anggota
AND P.datetime_pinjam = NEW.datetime_pinjam
AND P.nomor_sepeda = NEW.nomor_sepeda
AND P.id_stasiun = NEW.id_stasiun;

ELSIF (selisih_pinjam > 10) THEN
UPDATE PEMINJAMAN P
SET denda = denda + (50000*selisih_pinjam)
WHERE P.no_kartu_anggota = NEW.no_kartu_anggota
AND P.datetime_pinjam = NEW.datetime_pinjam
AND P.nomor_sepeda = NEW.nomor_sepeda
AND P.id_stasiun = NEW.id_stasiun;
END IF;
END IF;
RETURN NEW;
END;
$$;


ALTER FUNCTION bike_sharing.update_denda_peminjaman() OWNER TO db2018020;

SET default_tablespace = '';

SET default_with_oids = false;

--
-- Name: acara; Type: TABLE; Schema: bike_sharing; Owner: db2018020
--

CREATE TABLE bike_sharing.acara (
    id_acara character varying(10) NOT NULL,
    judul character varying(100) NOT NULL,
    deskripsi text,
    tgl_mulai date NOT NULL,
    tgl_akhir date NOT NULL,
    is_free boolean NOT NULL
);


ALTER TABLE bike_sharing.acara OWNER TO db2018020;

--
-- Name: acara_stasiun; Type: TABLE; Schema: bike_sharing; Owner: db2018020
--

CREATE TABLE bike_sharing.acara_stasiun (
    id_acara character varying(10) NOT NULL,
    id_stasiun character varying(10) NOT NULL
);


ALTER TABLE bike_sharing.acara_stasiun OWNER TO db2018020;

--
-- Name: anggota; Type: TABLE; Schema: bike_sharing; Owner: db2018020
--

CREATE TABLE bike_sharing.anggota (
    no_kartu character varying(10) NOT NULL,
    saldo real,
    points integer,
    ktp character varying(20) NOT NULL
);


ALTER TABLE bike_sharing.anggota OWNER TO db2018020;

--
-- Name: laporan; Type: TABLE; Schema: bike_sharing; Owner: db2018020
--

CREATE TABLE bike_sharing.laporan (
    id_laporan character varying(10) NOT NULL,
    no_kartu_anggota character varying(10) NOT NULL,
    datetime_pinjam timestamp without time zone NOT NULL,
    nomor_sepeda character varying(10) NOT NULL,
    id_stasiun character varying(10) NOT NULL,
    status character varying(20) NOT NULL
);


ALTER TABLE bike_sharing.laporan OWNER TO db2018020;

--
-- Name: peminjaman; Type: TABLE; Schema: bike_sharing; Owner: db2018020
--

CREATE TABLE bike_sharing.peminjaman (
    no_kartu_anggota character varying(10) NOT NULL,
    datetime_pinjam timestamp without time zone NOT NULL,
    datetime_kembali timestamp without time zone,
    biaya real,
    denda real,
    nomor_sepeda character varying(10) NOT NULL,
    id_stasiun character varying(10) NOT NULL
);


ALTER TABLE bike_sharing.peminjaman OWNER TO db2018020;

--
-- Name: penugasan; Type: TABLE; Schema: bike_sharing; Owner: db2018020
--

CREATE TABLE bike_sharing.penugasan (
    ktp character varying(20) NOT NULL,
    start_datetime timestamp without time zone NOT NULL,
    id_stasiun character varying(10) NOT NULL,
    end_datetime timestamp without time zone NOT NULL
);


ALTER TABLE bike_sharing.penugasan OWNER TO db2018020;

--
-- Name: person; Type: TABLE; Schema: bike_sharing; Owner: db2018020
--

CREATE TABLE bike_sharing.person (
    ktp character varying(20) NOT NULL,
    email character varying(50) NOT NULL,
    nama character varying(50) NOT NULL,
    alamat text,
    tgl_lahir date NOT NULL,
    no_telp character varying(20)
);


ALTER TABLE bike_sharing.person OWNER TO db2018020;

--
-- Name: petugas; Type: TABLE; Schema: bike_sharing; Owner: db2018020
--

CREATE TABLE bike_sharing.petugas (
    ktp character varying(20) NOT NULL,
    gaji real NOT NULL
);


ALTER TABLE bike_sharing.petugas OWNER TO db2018020;

--
-- Name: sepeda; Type: TABLE; Schema: bike_sharing; Owner: db2018020
--

CREATE TABLE bike_sharing.sepeda (
    nomor character varying(10) NOT NULL,
    merk character varying(10) NOT NULL,
    jenis character varying(50) NOT NULL,
    status boolean NOT NULL,
    id_stasiun character varying(10) NOT NULL,
    no_kartu_penyumbang character varying(20)
);


ALTER TABLE bike_sharing.sepeda OWNER TO db2018020;

--
-- Name: stasiun; Type: TABLE; Schema: bike_sharing; Owner: db2018020
--

CREATE TABLE bike_sharing.stasiun (
    id_stasiun character varying(10) NOT NULL,
    alamat text NOT NULL,
    lat real,
    long real,
    nama character varying(50) NOT NULL
);


ALTER TABLE bike_sharing.stasiun OWNER TO db2018020;

--
-- Name: transaksi; Type: TABLE; Schema: bike_sharing; Owner: db2018020
--

CREATE TABLE bike_sharing.transaksi (
    no_kartu_anggota character varying(10) NOT NULL,
    date_time timestamp without time zone NOT NULL,
    jenis character varying(20) NOT NULL,
    nominal real NOT NULL
);


ALTER TABLE bike_sharing.transaksi OWNER TO db2018020;

--
-- Name: transaksi_khusus_peminjaman; Type: TABLE; Schema: bike_sharing; Owner: db2018020
--

CREATE TABLE bike_sharing.transaksi_khusus_peminjaman (
    no_kartu_anggota character varying(10) NOT NULL,
    date_time timestamp without time zone NOT NULL,
    no_kartu_peminjam character varying(10),
    datetime_pinjam timestamp without time zone,
    no_sepeda character varying(10),
    id_stasiun character varying(10)
);


ALTER TABLE bike_sharing.transaksi_khusus_peminjaman OWNER TO db2018020;

--
-- Name: voucher; Type: TABLE; Schema: bike_sharing; Owner: db2018020
--

CREATE TABLE bike_sharing.voucher (
    id_voucher character varying(10) NOT NULL,
    nama character varying(255) NOT NULL,
    kategori character varying(255) NOT NULL,
    nilai_poin real NOT NULL,
    deskripsi text,
    no_kartu_anggota character varying(10)
);


ALTER TABLE bike_sharing.voucher OWNER TO db2018020;

--
-- Data for Name: acara; Type: TABLE DATA; Schema: bike_sharing; Owner: db2018020
--
/*
COPY bike_sharing.acara (id_acara, judul, deskripsi, tgl_mulai, tgl_akhir, is_free) FROM stdin;
257261818	Voolia	Nunc nisl.	2019-06-11	2019-08-26	f
1309167466	Jaxnation	Donec ut dolor. Morbi vel lectus in quam fringilla rhoncus.	2019-05-08	2019-07-30	t
4496603437	Flipbug	Vivamus vestibulum sagittis sapien. Cum sociis natoque penatibus et magnis dis parturient montes, nascetur ridiculus mus.	2019-06-20	2019-07-16	f
2106821710	Eamia	Morbi porttitor lorem id ligula.	2019-07-05	2019-07-20	f
5509348395	Yadel	In sagittis dui vel nisl. Duis ac nibh.	2019-05-20	2019-09-10	t
8132510695	Trilith	Maecenas pulvinar lobortis est. Phasellus sit amet erat.	2019-05-21	2019-08-09	f
7867361105	Zooxo	Duis ac nibh. Fusce lacus purus, aliquet at, feugiat non, pretium quis, lectus.	2019-05-31	2019-08-27	t
4500231938	Npath	Duis consequat dui nec nisi volutpat eleifend.	2019-05-12	2019-09-23	t
523206108	Mydeo	Nulla neque libero, convallis eget, eleifend luctus, ultricies eu, nibh. Quisque id justo sit amet sapien dignissim vestibulum. Vestibulum ante ipsum primis in faucibus orci luctus et ultrices posuere cubilia Curae; Nulla dapibus dolor vel est.	2019-06-03	2019-09-17	f
1195718678	Topicshots	Morbi vel lectus in quam fringilla rhoncus. Mauris enim leo, rhoncus sed, vestibulum sit amet, cursus id, turpis. Integer aliquet, massa id lobortis convallis, tortor risus dapibus augue, vel accumsan tellus nisi eu orci.	2019-05-19	2019-10-07	t
9690307840	Ozu	Donec semper sapien a libero. Nam dui. Proin leo odio, porttitor id, consequat in, consequat ut, nulla.	2019-05-03	2019-07-20	t
9815937422	Dabshots	Aenean auctor gravida sem.	2019-06-16	2019-08-16	f
9048314741	Jaxworks	Maecenas rhoncus aliquam lacus. Morbi quis tortor id nulla ultrices aliquet. Maecenas leo odio, condimentum id, luctus nec, molestie sed, justo.	2019-05-24	2019-07-30	f
6992185542	Innojam	Vestibulum ante ipsum primis in faucibus orci luctus et ultrices posuere cubilia Curae; Nulla dapibus dolor vel est.	2019-04-20	2019-09-08	f
1693512813	Twinte	Morbi porttitor lorem id ligula. Suspendisse ornare consequat lectus.	2019-06-09	2019-08-09	t
\.
*/

--
-- Data for Name: acara_stasiun; Type: TABLE DATA; Schema: bike_sharing; Owner: db2018020
--

/*
COPY bike_sharing.acara_stasiun (id_acara, id_stasiun) FROM stdin;
9815937422	18
7867361105	145
9048314741	548
2106821710	321
8132510695	8
6992185542	175
4496603437	66536
5509348395	97
1309167466	2484
4500231938	15
1693512813	7454
523206108	8
257261818	609
9690307840	3
1195718678	10
1195718678	50
257261818	1377
4500231938	5
6992185542	7980
2106821710	485
9815937422	65
7867361105	97720
9690307840	29202
523206108	6
9048314741	141
7867361105	18
1309167466	145
1693512813	548
4496603437	321
8132510695	9
\.
*/

--
-- Data for Name: anggota; Type: TABLE DATA; Schema: bike_sharing; Owner: db2018020
--
/*
COPY bike_sharing.anggota (no_kartu, saldo, points, ktp) FROM stdin;
5974107696	950	594	4068546070
9589358282	970	872	737992581
616604556	645	945	7016913736
3315398129	317	254	8588771856
6166918691	869	211	2115372497
9532562264	464	612	2876826392
5213479806	378	624	156834726
649072314	228	46	854332851
2294078954	551	598	1295178048
1463709927	405	809	23184027
7868329148	557	713	6339809180
8197108591	215	162	700081812
4917642046	69	355	2663817042
6557881923	469	148	9087564184
3700001059	545	985	7915041649
505634927	93	813	7865663538
5187980605	903	377	6433962954
5163136960	576	712	3889851739
8215037012	49	949	4347291346
1467410994	76	38	5067537412
2060954917	209	232	3761895347
2712380605	364	568	8207974823
1313011963	707	981	4641649128
9998854080	710	537	6825520847
6995844062	132	516	7302559885
9384484626	795	721	840820006
4750210708	311	941	1239642133
7700735797	445	267	1647267633
7196569296	596	973	5844408539
6429525560	460	778	5143016204
7269365889	597	232	5471502891
9936289435	327	521	6373362784
6239951553	329	414	8764604128
2833625689	227	709	5425600141
3092189700	799	447	491789723
3652497301	843	213	5519408199
5815901650	193	499	2290833723
1066760963	882	144	9594304737
1785103565	991	510	6736418353
6125666080	392	97	8025186090
1222548152	368	811	5642418840
1891311606	280	346	8705997047
6802209317	21	945	689334162
6694139383	163	954	9569097821
2035621966	360	77	9887778050
310261130	832	777	4964994129
143749327	433	291	9138926825
4085022939	707	754	1118441862
6614536761	15	1	9157291906
2387327077	507	696	4926445076
5392268240	913	627	9733685443
1278375495	167	337	7460732561
6263962819	616	573	4321503665
6535374145	36	400	5373252909
3399335933	216	42	953494832
694397452	15	61	1123896951
3878318201	609	961	6766275335
2536437392	532	333	4315221063
368310941	163	837	1137891362
9141707280	272	24	3046503701
5594074597	655	688	245779582
5424304958	671	838	8047058540
9584252946	128	617	476809630
169135376	862	875	9147952619
783395605	624	270	9081148011
9804846711	523	529	9613951866
5334008847	516	148	8880694342
8446831520	628	937	4010000396
4814364271	841	774	8464370404
7736826791	898	816	3183089519
5338952194	474	163	4424688482
7929081883	782	324	1854021714
5980884348	652	630	1376864059
5369745365	951	177	4176223863
9508988344	963	115	9989045291
\. */


--
-- Data for Name: laporan; Type: TABLE DATA; Schema: bike_sharing; Owner: db2018020
--
/*
COPY bike_sharing.laporan (id_laporan, no_kartu_anggota, datetime_pinjam, nomor_sepeda, id_stasiun, status) FROM stdin;
378476	310261130	2019-06-28 00:30:23	6144802406	175	135272
798526	9532562264	2019-04-17 18:52:30	614313257	1377	945455
393300	6614536761	2019-05-21 09:18:42	3678630367	7980	235451
754649	7269365889	2019-04-29 16:06:29	1337084581	10	41890
266866	7929081883	2019-05-06 10:57:02	1124211858	141	760952
64767	6802209317	2019-06-20 22:19:28	5991121238	2484	741993
170670	4085022939	2019-06-10 13:02:47	3509053075	548	862930
546643	3399335933	2019-06-27 05:42:48	3218456735	10	268181
805669	2060954917	2019-06-17 04:48:58	4945958322	18	208658
122003	5338952194	2019-06-20 22:08:30	4762597392	3	183300
519979	7736826791	2019-06-22 11:04:30	4291616428	141	296845
804722	143749327	2019-04-23 05:42:46	4090655433	5	826932
359863	7700735797	2019-06-07 22:32:27	9793296289	6	371187
883929	616604556	2019-05-25 13:02:05	1929081950	609	167674
231704	5594074597	2019-05-23 20:26:45	6562005807	66536	857783
8684145820	5338952194	2019-06-20 22:08:30	4762597392	3	6655-5Wb2-95rQ-1340P
968720913	2060954917	2019-06-17 04:48:58	4945958322	18	4051-3Y44-11Mc-2440V
5122842003	616604556	2019-05-25 13:02:05	1929081950	609	1052-2h89-715l-5702N
9261524309	3092189700	2019-06-16 00:21:20	9803229866	50	7153-30X7-86ZG-2390P
6870856878	143749327	2019-04-23 05:42:46	4090655433	5	1209-6xM7-84tA-5200S
4113004004	6995844062	2019-05-10 01:05:14	6497651680	145	3383-8Tb5-47L6-2633E
5592366533	3652497301	2019-04-26 18:45:23	1123393167	485	2987-6rk3-87Yo-7218O
2636745724	2712380605	2019-06-08 04:42:57	8232862136	8	2384-65Y0-53s7-5921J
5532840636	9508988344	2019-06-21 22:51:47	2416368651	97	2401-5rG4-02GR-9687F
71463693	3878318201	2019-06-03 16:30:52	4615154862	5	2426-6cs7-05HN-4854Q
3529232887	2536437392	2019-06-16 20:23:41	3501594524	65	2843-3xu8-00Cf-8639J
298950766	6802209317	2019-06-20 22:19:28	5991121238	2484	9147-9XT4-80y9-0778W
6255572351	7269365889	2019-04-29 16:06:29	1337084581	10	6854-53m1-32o2-0130O
4292703527	5594074597	2019-05-23 20:26:45	6562005807	66536	5972-9Bt2-00GX-5941Y
5940958909	9384484626	2019-05-21 20:08:03	8803972223	321	1022-6339-61Mf-2412A
973769	2294078954	2019-06-23 12:10:29	6240328316	609	610181
993056	9804846711	2019-07-07 11:31:37	5386565058	29202	772295
555637	2833625689	2019-04-27 23:52:57	2087904408	5	386356
7747	4814364271	2019-04-27 18:04:18	3321935589	145	310286
428247	8215037012	2019-05-14 21:58:54	757732365	141	274613
71238	649072314	2019-05-12 16:43:59	5013392579	548	493014
16607	1467410994	2019-05-08 00:57:30	7870902758	66536	241909
355944	2387327077	2019-04-29 03:25:25	7074332541	65	563250
510091	2536437392	2019-06-16 20:23:41	3501594524	65	161614
771908	9384484626	2019-05-21 20:08:03	8803972223	321	632094
344915	5974107696	2019-04-19 19:59:15	4273958386	9	291888
928940	3700001059	2019-04-15 19:51:37	3182292778	485	149637
118821	6535374145	2019-04-13 03:24:18	7072091510	7980	288804
520825	3092189700	2019-06-16 00:21:20	9803229866	50	2750
456478	9141707280	2019-06-01 15:45:17	6563649158	9	752529
860534	1891311606	2019-06-10 20:14:29	3365617604	2484	430247
362711	1313011963	2019-05-08 01:32:41	1255711320	18	853590
202543	2712380605	2019-06-08 04:42:57	8232862136	8	918348
239947	6263962819	2019-04-26 21:25:01	7517149249	97720	210290
228635	5980884348	2019-05-28 18:25:50	9544909204	8	668194
484904	7196569296	2019-07-02 14:04:26	1494700033	175	299874
161208	8446831520	2019-04-29 09:05:23	6025056747	29202	501512
541783	5213479806	2019-04-22 04:46:55	4675648538	97	517153
64763	4750210708	2019-04-20 08:51:14	7828736719	97	51875
678767	3878318201	2019-06-03 16:30:52	4615154862	5	836672
683969	5392268240	2019-07-06 15:39:10	6821361426	9	23682
128561	3315398129	2019-05-29 10:07:39	7468134282	50	612910
173320	1222548152	2019-07-06 23:11:13	2495581996	7454	247382
901714	3652497301	2019-04-26 18:45:23	1123393167	485	694145
250133	9508988344	2019-06-21 22:51:47	2416368651	97	358192
446675	6125666080	2019-05-29 13:21:20	6604080079	6	110667
788440	5369745365	2019-05-10 12:11:45	7127870798	5	809387
964258	2035621966	2019-04-28 16:46:49	2162870213	29202	990983
727736	5163136960	2019-04-27 00:50:12	3720706931	97720	204205
201274	169135376	2019-05-16 03:30:31	8549005673	1377	956371
872399	6995844062	2019-05-10 01:05:14	6497651680	145	686179
256245	1278375495	2019-05-30 03:07:33	7220505436	50	33608
187692	6429525560	2019-07-01 12:52:31	875128153	97720	798029
550761	694397452	2019-06-08 10:36:40	8140045062	65	252455
849904	9589358282	2019-06-20 19:42:40	5090320479	10	229528
379885	2294078954	2019-06-02 01:00:00	7074332541	609	291213
631811	2294078954	2019-06-01 01:00:00	7074332541	65	7147
213235	2294078954	2019-06-03 01:00:00	7074332541	609	671213
684554	2294078954	2019-06-02 01:00:00	7074332541	609	14681
798486	2294078954	2019-06-02 01:00:00	7074332541	609	778683
658118	2294078954	2019-06-03 01:00:00	7074332541	609	553555
142704	2294078954	2019-06-03 01:00:00	7074332541	609	533772
147777	2294078954	2019-06-03 02:00:00	7074332541	609	480237
370443	2294078954	2019-06-03 02:00:00	7074332541	609	592038
274472	2294078954	2019-06-04 01:00:00	7074332541	65	817328
724390	2294078954	2019-06-01 01:00:00	7074332541	65	718192
435018	2294078954	2019-06-01 01:00:00	7074332541	65	503975
53995	2294078954	2019-06-04 01:00:00	7074332541	65	871054
192655	2294078954	2019-06-04 01:00:00	7074332541	65	166038
\.
*/

--
-- Data for Name: peminjaman; Type: TABLE DATA; Schema: bike_sharing; Owner: db2018020
--

--
--ERROR:  integer out of range
--CONTEXT:  PL/pgSQL function new_row_di_tkp_dan_transaksi() line 7 at assignment
--
/*
COPY bike_sharing.peminjaman (no_kartu_anggota, datetime_pinjam, datetime_kembali, biaya, denda, nomor_sepeda, id_stasiun) FROM stdin;
6802209317	2019-06-20 22:19:28	2019-09-11 00:11:06	61.4099998	13.6599998	5991121238	2484
1222548152	2019-07-06 23:11:13	2019-08-29 14:23:33	12.9700003	19.4099998	2495581996	7454
2035621966	2019-04-28 16:46:49	2019-09-10 23:39:36	46.9300003	20.8600006	2162870213	29202
5974107696	2019-04-19 19:59:15	2019-09-04 07:56:53	55.5099983	28.7900009	4273958386	9
7736826791	2019-06-22 11:04:30	2019-09-25 10:08:07	68.1600037	10.1999998	4291616428	141
9532562264	2019-04-17 18:52:30	2019-10-23 00:53:07	13.4200001	22.3999996	614313257	1377
6125666080	2019-05-29 13:21:20	2019-07-24 23:05:02	35.8499985	23.4500008	6604080079	6
6614536761	2019-05-21 09:18:42	2019-10-16 23:51:20	51.6300011	14.4399996	3678630367	7980
4085022939	2019-06-10 13:02:47	2019-09-03 17:43:38	20.2900009	10.1000004	3509053075	548
7196569296	2019-07-02 14:04:26	2019-08-05 20:24:46	48.7400017	22.6700001	1494700033	175
1278375495	2019-05-30 03:07:33	2019-10-25 01:49:35	54.6699982	25.4599991	7220505436	50
8215037012	2019-05-14 21:58:54	2019-08-17 14:05:33	29.4799995	15.4899998	757732365	141
5213479806	2019-04-22 04:46:55	2019-08-03 11:11:33	31.9799995	15.1099997	4675648538	97
4814364271	2019-04-27 18:04:18	2019-09-06 19:09:00	52.2099991	29.5100002	3321935589	145
5163136960	2019-04-27 00:50:12	2019-09-20 05:50:59	43.25	24.3199997	3720706931	97720
694397452	2019-06-08 10:36:40	2019-11-04 21:44:41	66.5400009	24.6700001	8140045062	65
6263962819	2019-04-26 21:25:01	2019-07-23 22:58:58	43.1599998	29.1000004	7517149249	97720
9141707280	2019-06-01 15:45:17	2019-09-12 05:52:06	52.0699997	21.5	6563649158	9
9804846711	2019-07-07 11:31:37	2019-09-16 21:15:53	17.6100006	20.4200001	5386565058	29202
5369745365	2019-05-10 12:11:45	2019-10-21 07:38:58	50.7099991	29.7099991	7127870798	5
649072314	2019-05-12 16:43:59	2019-10-25 21:54:29	10.2600002	25.3400002	5013392579	548
3399335933	2019-06-27 05:42:48	2019-08-16 02:00:57	54.1599998	28.9500008	3218456735	10
3700001059	2019-04-15 19:51:37	2019-10-12 18:54:47	36.6699982	23.4799995	3182292778	485
4750210708	2019-04-20 08:51:14	2019-09-01 17:35:03	35.4799995	14.5100002	7828736719	97
1313011963	2019-05-08 01:32:41	2019-10-31 21:46:42	31.8600006	15.0900002	1255711320	18
9589358282	2019-06-20 19:42:40	2019-07-22 06:06:47	17.9300003	28.5200005	5090320479	10
5392268240	2019-07-06 15:39:10	2019-08-31 03:46:12	62.2599983	22.7900009	6821361426	9
2294078954	2019-06-23 12:10:29	2019-09-08 03:18:37	28.7299995	12.3100004	6240328316	609
1222548152	2019-06-01 01:00:00	2019-06-02 16:00:00	1000	0	7074332541	65
5980884348	2019-05-28 18:25:50	2019-11-09 13:17:55	36.2599983	24.4599991	9544909204	8
6535374145	2019-04-13 03:24:18	2019-09-10 06:14:02	63.4599991	10.0699997	7072091510	7980
6429525560	2019-07-01 12:52:31	2019-11-11 04:34:03	10.7700005	11.1800003	875128153	97720
7700735797	2019-06-07 22:32:27	2019-10-25 14:44:17	16.6299992	10.1999998	9793296289	6
8446831520	2019-04-29 09:05:23	2019-09-18 07:07:10	50.8699989	12.1700001	6025056747	29202
7929081883	2019-05-06 10:57:02	2019-10-21 11:16:05	65.2699966	21.6900005	1124211858	141
3315398129	2019-05-29 10:07:39	2019-07-18 16:27:11	28.6599998	23.5100002	7468134282	50
2387327077	2019-04-29 03:25:25	2019-07-25 22:17:38	27.4799995	16.0400009	7074332541	65
169135376	2019-05-16 03:30:31	2019-08-25 10:23:06	17.7999992	24.1299992	8549005673	1377
2833625689	2019-04-27 23:52:57	2019-09-05 14:05:20	16.8899994	17.7299995	2087904408	5
1891311606	2019-06-10 20:14:29	2019-08-23 17:43:10	17.0699997	22.2600002	3365617604	2484
310261130	2019-06-28 00:30:23	2019-08-24 07:04:16	45.2400017	12.4200001	6144802406	175
1467410994	2019-05-08 00:57:30	2019-09-14 04:10:44	36.7700005	23.0300007	7870902758	66536
2294078954	2019-06-02 01:00:00	2019-06-04 16:00:00	1000	1.13400003e+10	7074332541	609
2294078954	2019-06-03 01:00:00	2019-06-04 16:00:00	1000	7.02000026e+09	7074332541	609
2294078954	2019-06-03 02:00:00	2019-06-04 16:00:00	1000	6.84e+09	7074332541	609
2294078954	2019-06-01 01:00:00	2019-06-05 21:00:00	1000	3000000	7074332541	65
2294078954	2019-06-04 01:00:00	2019-06-05 21:00:00	1000	3000000	7074332541	65
2294078954	2019-06-05 01:00:00	2019-06-05 21:00:00	1000	1000000	7074332541	65
5974107696	2019-06-20 10:00:00	2019-06-20 14:00:00	30	30	614313257	6
5338952194	2019-06-20 22:08:30	2019-08-07 16:17:56	69.7699966	16.8700008	4762597392	3
2060954917	2019-06-17 04:48:58	2019-10-13 20:44:41	26.0499992	27.2000008	4945958322	18
616604556	2019-05-25 13:02:05	2019-09-07 17:50:13	21.6000004	27.7800007	1929081950	609
3092189700	2019-06-16 00:21:20	2019-08-26 10:13:46	33.7299995	18.7099991	9803229866	50
143749327	2019-04-23 05:42:46	2019-10-24 20:46:35	30.2399998	29.1100006	4090655433	5
6995844062	2019-05-10 01:05:14	2019-08-05 11:18:30	46.5499992	29.2299995	6497651680	145
3652497301	2019-04-26 18:45:23	2019-09-19 22:34:46	68.6800003	21.1399994	1123393167	485
2712380605	2019-06-08 04:42:57	2019-08-22 09:26:26	59.6599998	26.6800003	8232862136	8
9508988344	2019-06-21 22:51:47	2019-09-07 19:18:24	67.8099976	12.0900002	2416368651	97
3878318201	2019-06-03 16:30:52	2019-09-01 19:42:21	47.2000008	23.0900002	4615154862	5
2536437392	2019-06-16 20:23:41	2019-07-31 18:15:20	12.1199999	28.8400002	3501594524	65
7269365889	2019-04-29 16:06:29	2019-09-08 09:45:51	17.0499992	29.1800003	1337084581	10
5594074597	2019-05-23 20:26:45	2019-09-05 23:57:14	39.9599991	26.9500008	6562005807	66536
9384484626	2019-05-21 20:08:03	2019-10-24 01:27:14	58.6699982	14.0600004	8803972223	321
\.
*/

--
-- Data for Name: penugasan; Type: TABLE DATA; Schema: bike_sharing; Owner: db2018020
--
/*
COPY bike_sharing.penugasan (ktp, start_datetime, id_stasiun, end_datetime) FROM stdin;
4424688482	2019-06-05 23:03:57	7454	2019-08-18 21:27:04
4321503665	2019-05-23 17:08:57	3	2019-09-10 01:12:59
491789723	2019-07-04 02:13:16	66536	2019-09-26 10:52:36
6433962954	2019-06-16 05:48:42	97720	2019-07-31 02:49:30
4010000396	2019-05-13 17:48:02	1377	2019-07-29 01:11:12
4347291346	2019-06-23 11:52:34	485	2019-09-26 10:47:27
8705997047	2019-06-23 07:07:42	97	2019-10-08 13:26:46
8588771856	2019-06-14 05:18:24	175	2019-07-17 10:46:13
4690626089	2019-06-10 13:01:15	5	2019-08-01 06:02:28
2663817042	2019-05-24 16:48:48	2484	2019-09-08 06:22:35
737992581	2019-05-05 19:08:50	5	2019-08-24 15:00:26
5471502891	2019-04-16 10:11:48	141	2019-08-24 12:25:11
8207974823	2019-05-05 14:20:36	18	2019-07-27 03:38:32
476809630	2019-05-08 09:51:18	29202	2019-08-23 15:29:52
1647267633	2019-05-22 07:03:30	10	2019-08-24 10:48:07
4964994129	2019-05-18 09:11:29	8	2019-07-30 22:13:12
3534898892	2019-06-11 10:07:06	609	2019-09-06 18:00:19
5519408199	2019-07-06 09:49:04	50	2019-10-08 08:26:17
1376864059	2019-05-25 17:38:29	7980	2019-10-12 01:17:56
5540566738	2019-07-04 00:17:34	9	2019-07-14 13:15:26
7464253367	2019-07-09 03:38:04	145	2019-08-25 08:10:01
9733685443	2019-04-19 09:33:34	6	2019-08-29 05:19:57
4315221063	2019-07-02 19:43:45	321	2019-09-23 17:55:19
8047058540	2019-06-04 11:46:13	548	2019-10-11 05:21:37
7016913736	2019-04-17 02:13:11	65	2019-10-07 05:23:55
9617626084	2019-06-11 10:21:14	548	2019-07-15 06:30:16
1137891362	2019-05-14 13:48:05	65	2019-09-19 02:29:18
5637614093	2019-05-27 10:21:30	7454	2019-08-27 22:31:13
3183089519	2019-05-04 10:48:42	6	2019-08-11 20:19:08
5848194396	2019-07-02 05:22:26	145	2019-10-09 22:17:32
6339809180	2019-04-27 12:21:28	321	2019-07-14 05:28:22
6736418353	2019-05-15 21:38:29	97720	2019-10-07 16:02:00
5373252909	2019-04-15 23:40:39	1377	2019-10-10 23:03:30
8764604128	2019-05-06 15:23:33	29202	2019-08-29 15:50:08
840820006	2019-05-09 19:08:00	609	2019-08-17 15:46:43
\.

*/
--
-- Data for Name: person; Type: TABLE DATA; Schema: bike_sharing; Owner: db2018020
--
/*
COPY bike_sharing.person (ktp, email, nama, alamat, tgl_lahir, no_telp) FROM stdin;
6736418353	eminot0@walmart.com	Emlynn	4 Hermina Avenue	2004-02-19	876-2864729
8705997047	gseagrove1@mlb.com	Grata	46 Northview Junction	2003-12-21	553-2330831
5519408199	omcgilvary2@addtoany.com	Ofilia	00 Fuller Center	2006-07-09	714-4476221
491789723	estaziker3@dyndns.org	Ernaline	895 Cardinal Lane	2003-01-26	049-5309079
8764604128	vganders4@elpais.com	Vikky	01 Morning Trail	2005-02-12	027-8088745
4424688482	rputt5@comcast.net	Rivkah	89 Holmberg Park	2008-04-28	789-3915888
7016913736	hseggie6@cafepress.com	Hedwiga	21 Lindbergh Drive	2005-07-29	687-8174763
5637614093	pgrimbaldeston7@gizmodo.com	Pandora	86 Nelson Hill	2003-04-17	615-8908772
4347291346	tbalma8@cnbc.com	Tomasine	6545 Sullivan Terrace	2005-06-01	480-0583894
6433962954	tcogin9@addtoany.com	Tillie	43667 Thompson Alley	2004-04-13	015-4271122
4315221063	crowana@creativecommons.org	Constantia	86141 Eastlawn Alley	2003-11-25	729-6578031
5373252909	ddyersb@odnoklassniki.ru	Del	80226 Stoughton Court	2002-01-26	328-3648261
3183089519	dsnookesc@plala.or.jp	Darb	65472 Utah Plaza	2002-08-22	505-2414473
476809630	vcarbettd@ning.com	Vivyanne	5486 Service Plaza	2006-12-29	591-1430555
8047058540	gtelfere@pagesperso-orange.fr	Georgeanne	57 Kensington Alley	2001-05-25	759-1046330
4964994129	mlippiettf@vistaprint.com	Mabel	314 Lawn Parkway	2002-06-01	371-8037062
9733685443	cbrothwoodg@github.com	Cherianne	722 Rigney Parkway	2002-05-16	059-0873883
840820006	vplesingh@123-reg.co.uk	Viki	423 Mesta Alley	2009-06-26	772-6692722
5540566738	lkeunekei@earthlink.net	Lorettalorna	21473 Garrison Plaza	2007-12-23	417-7411451
737992581	jferencj@studiopress.com	Judye	405 Heath Crossing	2005-03-09	635-6701244
4321503665	jgutk@wikipedia.org	Judye	49 4th Pass	2006-06-15	737-9544848
1376864059	tespinetl@goo.gl	Twila	7 Park Meadow Plaza	2007-07-22	580-0256649
1137891362	mpasfieldm@deviantart.com	Mufi	53 David Terrace	2010-01-09	986-9125409
5471502891	dhartzogn@time.com	Deloria	19677 Lunder Park	2003-02-07	582-4735516
4690626089	alittletono@homestead.com	Arlene	63 Algoma Pass	2005-06-30	683-1222304
3534898892	wdunckleep@booking.com	Willa	3 Warbler Pass	2007-02-27	399-3820700
8588771856	hdroghanq@t.co	Heidie	279 Ridgeway Crossing	2009-06-07	219-6862804
5848194396	avennartr@51.la	Anstice	5 Atwood Place	2001-09-29	566-7670491
7464253367	mpawsons@symantec.com	Myranda	330 Johnson Avenue	2002-07-06	968-0693099
1647267633	obrighteyt@foxnews.com	Ophelia	45928 Grayhawk Drive	2009-12-30	553-0508847
8207974823	fkettlestringesu@ask.com	Filide	342 Sugar Lane	2001-01-21	849-5705183
2663817042	fmaberv@friendfeed.com	Florance	5550 Upham Center	2007-04-27	717-7391320
9617626084	cliftonw@indiatimes.com	Cornelia	627 Hanover Terrace	2009-09-15	266-7795460
6339809180	bcamossox@etsy.com	Bernita	2 Meadow Vale Hill	2008-08-17	541-3871035
4010000396	psamy@cnbc.com	Peggy	6 Tony Street	2003-01-06	338-6612075
1854021714	smcilvennaz@biglobe.ne.jp	Shandie	12 Nelson Junction	2000-09-15	540-1149444
9887778050	kshurlock10@360.cn	Kikelia	4660 Vahlen Park	2002-07-21	440-5712827
156834726	lnannini11@reference.com	Laraine	04469 Alpine Point	2002-06-21	394-7143944
3009813237	cmcnair12@oracle.com	Carry	2953 Bunting Parkway	2004-03-02	087-0482865
9529894352	vmcgaw13@yandex.ru	Valeria	17 Porter Court	2002-02-11	512-5579006
5642418840	arawstron14@t-online.de	Antoinette	7 Sommers Plaza	2004-10-28	028-1662127
1239642133	cdiggins15@wikipedia.org	Chere	94470 Atwood Alley	2003-06-12	388-1407105
5425600141	mfrigot16@slashdot.org	Mattie	6 Larry Trail	2008-10-20	590-4165222
9147952619	hcollister17@miibeian.gov.cn	Heddi	5 Dakota Parkway	2006-01-07	014-3402972
5067537412	bepelett18@state.gov	Brandice	08 Starling Court	2004-01-31	250-5015998
4926445076	erobker19@cnn.com	Eilis	18 Kenwood Pass	2008-06-17	118-1411086
9594304737	mhellmer1a@yellowbook.com	Mikaela	40199 Linden Alley	2001-06-06	925-5271148
8880694342	mtattersdill1b@washingtonpost.com	Mirna	02061 Texas Parkway	2007-02-16	426-8784141
9157291906	jinnot1c@telegraph.co.uk	Julieta	573 Sherman Court	2008-01-24	573-3839648
7302559885	shayer1d@webmd.com	Shanta	5 Briar Crest Way	2009-08-09	600-9960484
132082707	pgleadle1e@tuttocitta.it	Pamela	5 Ronald Regan Park	2009-11-05	211-5847368
4068546070	tbarnwille1f@rediff.com	Tawnya	7 Summer Ridge Street	2000-06-11	160-9653348
2115372497	cabell1g@dropbox.com	Christye	011 Bayside Alley	2004-11-11	679-9930560
7865663538	mdabes1h@google.nl	Marlyn	712 Old Gate Circle	2006-07-03	902-9976950
5708519455	msallis1i@ibm.com	Maren	8 Cherokee Parkway	2003-05-16	684-9865868
1123896951	bdicey1j@bbb.org	Bonny	728 7th Drive	2001-11-30	058-3901473
1295178048	edoggart1k@flickr.com	Edin	61536 Arkansas Avenue	2002-07-22	565-6306785
4176223863	adelue1l@51.la	Alicia	8048 Stoughton Road	2003-03-13	350-2173963
2290833723	amcclean1m@theguardian.com	Amata	51643 Di Loreto Place	2009-04-20	711-8827624
8317018162	ddiglin1n@addtoany.com	Danila	8075 Clove Point	2005-06-26	079-1307188
6766275335	kperis1o@fda.gov	Kalinda	5274 Loeprich Junction	2003-08-05	469-4010068
2876826392	dwilce1p@buzzfeed.com	Damaris	0 Jana Center	2010-04-04	601-7300886
3046503701	mpinnere1q@ca.gov	Minni	341 Hermina Alley	2007-02-06	740-3570114
6242767295	hbradwell1r@wufoo.com	Heather	455 Dayton Place	2005-12-13	283-9845071
28406135	kalvarado1s@ucoz.ru	Kristan	49 Hollow Ridge Hill	2009-05-29	060-9043939
3761895347	klohering1t@hc360.com	Kendra	048 Menomonie Drive	2001-08-25	884-3993358
3889851739	spicker1u@uiuc.edu	Sherri	10471 Golf Parkway	2009-03-04	778-5173763
9989045291	uoakinfold1v@de.vu	Umeko	303 Algoma Park	2002-03-07	804-1048259
5143016204	etrent1w@fotki.com	Eolanda	16390 Green Ridge Lane	2009-12-17	367-5977495
9087564184	bkleinplatz1x@alexa.com	Barbey	23087 Fairfield Drive	2006-04-19	484-5678983
953494832	bschirok1y@phoca.cz	Beth	5 1st Trail	2008-01-29	956-8871541
23184027	gkidney1z@nih.gov	Gabie	29 Lien Drive	2003-05-27	249-1311071
9613951866	afairnie20@washingtonpost.com	Ambur	4144 Oxford Plaza	2002-03-26	393-5522827
7534064212	ggavrieli21@army.mil	Gussy	88985 Fairview Hill	2005-11-10	395-1183104
689334162	fglandon22@google.cn	Faina	25074 Kingsford Place	2003-06-13	246-8096417
5911910072	msambrok23@cbc.ca	Marlane	43606 Fairfield Way	2003-08-29	136-7997356
2480067274	mbraikenridge24@nbcnews.com	Michaela	90 Mifflin Circle	2001-03-23	881-5413369
6825520847	ayerson25@google.es	Anet	59512 Manley Pass	2000-07-22	803-6058654
6373362784	psprigings26@pcworld.com	Pamelina	89051 Manitowish Trail	2005-08-11	640-2681848
245779582	nfraulo27@ox.ac.uk	Nada	785 Oakridge Lane	2005-10-25	274-2783149
7460732561	cfridd28@europa.eu	Carleen	472 Dayton Road	2006-01-03	479-7396414
1310232503	flegen29@vinaora.com	Fidelity	29578 Knutson Hill	2008-03-16	489-4857021
25206013	mattenburrow2a@npr.org	Marie-jeanne	388 5th Terrace	2001-11-21	411-8854165
4641649128	alegister2b@geocities.com	Arline	48239 Mosinee Road	2008-04-23	381-9279743
8025186090	bfalloon2c@github.io	Benita	53 Acker Crossing	2006-06-07	939-4283433
9569097821	sensley2d@vinaora.com	Sherrie	41636 Sunbrook Plaza	2004-09-12	139-2729823
740263792	laitken2e@macromedia.com	Liliane	19822 Loftsgordon Alley	2007-05-12	965-3986360
7915041649	dmadine2f@theglobeandmail.com	Dena	37410 Straubel Parkway	2009-06-30	677-4255816
5844408539	kbendig2g@flavors.me	Kathryne	17258 Ohio Road	2008-12-07	169-3963571
9081148011	mjon2h@merriam-webster.com	Matelda	26872 Kingsford Place	2008-08-01	774-6219567
8747864270	trosendall2i@ifeng.com	Terri-jo	9791 Becker Junction	2005-01-31	192-5251340
7808871419	mmixhel2j@hubpages.com	Molli	2 Di Loreto Place	2005-12-28	341-1242329
854332851	mgalway2k@trellian.com	Melessa	2196 Homewood Center	2004-11-01	422-4538173
1118441862	tshuttleworth2l@hhs.gov	Tamma	64 Dayton Crossing	2007-03-21	636-8129006
700081812	kgoodwin2m@china.com.cn	Katha	8405 Stuart Court	2001-12-14	908-4390535
7927160774	glinden2n@blog.com	Griselda	1224 Hermina Crossing	2000-11-11	479-5060184
9138926825	kitzik2o@soundcloud.com	Kirsteni	063 Basil Place	2008-04-06	386-8697697
8464370404	cfollett2p@issuu.com	Caressa	39 Melrose Alley	2005-10-26	690-1695777
222387096	dcopperwaite2q@usnews.com	Daisy	9 Vermont Junction	2002-07-25	914-9639735
8473601376	eyellowlee2r@sfgate.com	Emelita	716 Hazelcrest Place	2006-02-02	627-2354768
\.
*/

--
-- Data for Name: petugas; Type: TABLE DATA; Schema: bike_sharing; Owner: db2018020
--
/*
COPY bike_sharing.petugas (ktp, gaji) FROM stdin;
4424688482	369.959991
2663817042	399.579987
4321503665	183.539993
1376864059	431.850006
5471502891	398.399994
5848194396	215.029999
7464253367	423.100006
737992581	223.009995
9617626084	154.789993
4010000396	326.269989
1137891362	149.649994
476809630	239.589996
5373252909	156.850006
840820006	273.100006
3183089519	156.210007
4690626089	309.329987
8764604128	475.059998
5519408199	154.419998
8207974823	424.529999
6339809180	183.360001
1647267633	405.230011
7016913736	145.529999
6433962954	415.820007
491789723	146.690002
4964994129	410.929993
5637614093	334.299988
8705997047	114.080002
6736418353	244.479996
4315221063	404.059998
9733685443	228.389999
3534898892	269.109985
8588771856	320.730011
8047058540	462.709991
4347291346	186.229996
5540566738	133.639999
\.
*/

--
-- Data for Name: sepeda; Type: TABLE DATA; Schema: bike_sharing; Owner: db2018020
--
/*
COPY bike_sharing.sepeda (nomor, merk, jenis, status, id_stasiun, no_kartu_penyumbang) FROM stdin;
4615154862	ante	mattis odio	f	141	2035621966
6604080079	ipsum	vestibulum sagittis	t	2484	649072314
7127870798	odio	viverra	f	609	1278375495
7220505436	nibh	in purus	t	145	4085022939
6144802406	integer	mi	t	65	9532562264
9793296289	in	libero nullam	f	97	143749327
3365617604	non	eget eleifend	f	29202	6694139383
614313257	quis	ac	f	66536	4750210708
3182292778	dignissim	amet	f	609	6239951553
6821361426	odio	vel	f	485	7700735797
7828736719	euismod	odio justo	t	145	3878318201
4291616428	lobortis	cursus	t	141	7929081883
5013392579	in	nisl duis	t	50	1463709927
4762597392	lacus	nisl aenean	t	1377	8446831520
9544909204	turpis	vel	t	66536	310261130
7074332541	semper	sed	t	18	5594074597
8803972223	ut	lobortis	t	6	6614536761
6497651680	vel	vestibulum ante	t	29202	1313011963
4273958386	velit	nisi eu	t	97720	2387327077
2162870213	sed	nam dui	t	485	1066760963
4945958322	ac	non mattis	f	65	1222548152
1929081950	cursus	neque sapien	f	5	6995844062
6562005807	nunc	sapien placerat	t	97720	6429525560
1494700033	euismod	velit	t	548	5424304958
3218456735	quis	in felis	f	10	9384484626
7072091510	varius	lacus	t	175	6535374145
1123393167	eros	risus praesent	t	9	9589358282
3509053075	erat	maecenas ut	f	9	6125666080
3321935589	lacinia	aliquam sit	t	65	2833625689
7468134282	orci	a	f	18	7269365889
7517149249	vehicula	massa donec	t	321	9998854080
9803229866	vitae	sit	f	7980	694397452
2087904408	semper	nisi	t	175	7736826791
4675648538	quis	magna at	f	7980	8215037012
1337084581	orci	massa	t	1377	5334008847
1255711320	nonummy	non velit	t	97	368310941
2495581996	hac	in	t	548	1467410994
3678630367	tortor	nulla eget	f	97720	5213479806
5386565058	blandit	penatibus et	f	5	7196569296
6240328316	turpis	lacus	f	10	6166918691
6563649158	blandit	bibendum	t	50	6557881923
6025056747	orci	in	t	7454	5980884348
875128153	at	dui	f	141	5369745365
1124211858	bibendum	sit	f	29202	9584252946
4090655433	potenti	sociis natoque	f	5	3652497301
8549005673	cras	nulla	t	8	505634927
757732365	lorem	justo morbi	t	5	616604556
2416368651	cubilia	justo aliquam	f	8	4814364271
3501594524	magnis	eros suspendisse	f	3	5392268240
8232862136	eu	vulputate justo	f	2484	2060954917
5991121238	nunc	vel sem	t	10	2536437392
3720706931	scele	in ante	t	97	3092189700
8140045062	a	in	t	9	1891311606
5090320479	suspendi	leo	t	50	2712380605
7870902758	scelue	vivamus	f	6	3399335933
\.
*/

--
-- Data for Name: stasiun; Type: TABLE DATA; Schema: bike_sharing; Owner: db2018020
--

/*
COPY bike_sharing.stasiun (id_stasiun, alamat, lat, long, nama) FROM stdin;
2484	821 Grasskamp Center	6298	8201	Bamity
485	059 Melrose Park	2044	3147	Lotstring
8	6442 Fisk Alley	4882	1893	Domainer
145	74292 Starling Parkway	4799	8158	Ronstring
5	9 La Follette Lane	9101	3207	Treeflex
97	34870 Amoth Alley	7688	1141	Alphazap
321	4937 Jackson Plaza	5933	6406	Flexidy
7980	7379 Swallow Point	8155	4461	Redhold
175	6 Hooker Point	8461	4323	Bytecard
7454	2 Victoria Court	4550	5459	Solarbreeze
97720	7758 Huxley Trail	5464	2683	Transcof
548	6 Bartillon Avenue	7753	5831	Tres-Zap
3	1 Superior Pass	3806	4414	Toughjoyfax
1377	06 Westport Lane	5247	1125	Trippledex
6	5 Tennessee Park	6823	1989	Biodex
9	51 Bluestem Trail	7036	7368	Flexidy
609	4 Maple Lane	9917	7179	Opela
50	1 Buhler Park	4858	5542	Bitwolf
10	6 Lien Park	9737	6816	Tempsoft
141	9 Tennessee Junction	7543	9685	Zoolab
66536	2 Thierer Hill	5121	4916	Holdlamis
15	95 Pankratz Trail	9951	8533	Matsoft
18	9469 Tony Park	6536	9204	Opela
29202	31324 John Wall Drive	5525	9417	Konklux
65	0 Linden Lane	6101	5689	Toughjoyfax
\.
*/

--
-- Data for Name: transaksi; Type: TABLE DATA; Schema: bike_sharing; Owner: db2018020
--
/*
COPY bike_sharing.transaksi (no_kartu_anggota, date_time, jenis, nominal) FROM stdin;
7196569296	2019-05-29 06:48:48	in	30.7900009
4750210708	2019-05-03 09:23:04	etiam	14.6300001
1463709927	2019-05-15 19:35:29	id	15.7200003
6239951553	2019-06-25 02:34:46	magnis	27.5599995
7700735797	2019-06-22 01:20:33	et	42.2299995
2833625689	2019-07-03 12:43:54	sapien	32.4799995
2035621966	2019-06-03 19:38:13	non	19.25
2060954917	2019-05-23 03:19:24	nulla	23.3400002
6125666080	2019-06-03 22:50:58	consequat	43.5699997
9936289435	2019-06-20 18:38:15	ante	33.1500015
8197108591	2019-04-20 05:06:54	vestibulum	42.9000015
6802209317	2019-07-04 23:02:38	massa	18.2299995
8215037012	2019-07-06 06:46:13	est	17.6000004
7269365889	2019-07-05 07:19:35	hac	38.7700005
5974107696	2019-06-10 18:58:53	cursus	33.3300018
505634927	2019-05-04 23:01:08	donec	15.75
5392268240	2019-04-17 21:10:38	non	29.1100006
694397452	2019-06-28 12:47:22	tristique	33.7000008
5334008847	2019-05-09 18:58:50	libero	34.7200012
616604556	2019-05-07 04:49:20	turpis	41.1899986
169135376	2019-05-06 06:29:53	amet	18.6800003
4085022939	2019-06-29 18:57:11	elementum	49.0499992
310261130	2019-05-12 20:11:08	rhoncus	50
6166918691	2019-06-25 05:47:39	sed	10.1800003
1467410994	2019-06-13 03:03:36	id	17.8799992
2294078954	2019-07-08 12:40:16	laoreet	26.3199997
2387327077	2019-06-25 20:58:06	venenatis	33.2400017
3315398129	2019-06-02 07:11:04	orci	39.7000008
1313011963	2019-05-03 14:46:19	magna	15.0900002
2712380605	2019-04-26 06:43:14	sodales	28.1100006
368310941	2019-07-04 14:15:17	mauris	39.7999992
5187980605	2019-05-11 12:57:46	vestibulum	26.4400005
5815901650	2019-05-17 22:25:53	cursus	12.1199999
1278375495	2019-04-20 08:10:32	at	27.7900009
6694139383	2019-05-03 23:52:35	condimentum	36.4099998
7736826791	2019-06-09 10:46:39	egestas	17.5799999
6535374145	2019-06-13 15:25:20	aliquet	12.8599997
9584252946	2019-06-13 10:15:29	lobortis	34.5699997
649072314	2019-07-11 13:56:59	bibendum	11.8900003
7868329148	2019-05-11 11:58:59	vivamus	36.9500008
5369745365	2019-04-15 02:13:57	duis	16.5400009
5980884348	2019-05-13 06:26:49	nisi	15.3999996
9384484626	2019-05-23 19:41:24	at	17.6399994
5338952194	2019-05-13 21:27:19	dapibus	32.8300018
3652497301	2019-05-12 17:22:57	nisl	45.6100006
3092189700	2019-07-10 10:46:52	ipsum	23.7700005
4814364271	2019-06-20 02:42:28	pulvinar	21.0100002
9532562264	2019-06-20 05:56:17	non	42.6500015
9804846711	2019-06-07 18:08:30	proin	43.1199989
3878318201	2019-04-19 12:37:34	rutrum	12.8100004
6557881923	2019-06-28 19:22:29	elit	12.1300001
1785103565	2019-05-01 06:59:39	ante	45.8199997
783395605	2019-04-28 07:25:13	rutrum	13.8599997
143749327	2019-06-05 18:02:42	ligula	35.5900002
5594074597	2019-07-04 05:29:48	convallis	20.3199997
9141707280	2019-07-10 07:49:55	tortor	16.1499996
9508988344	2019-05-23 05:01:39	sapien	12.3699999
8446831520	2019-06-23 21:17:47	nascetur	22.6499996
3399335933	2019-06-30 20:46:04	habitasse	39.0200005
7929081883	2019-06-24 10:54:03	auctor	17.1800003
9589358282	2019-06-20 21:40:50	purus	13.3699999
6614536761	2019-06-30 21:31:35	orci	42.9300003
5424304958	2019-04-24 04:29:28	aliquam	48.25
1066760963	2019-07-11 05:08:40	platea	12.4200001
3700001059	2019-05-20 14:47:20	quis	43.7599983
9998854080	2019-06-07 09:09:12	mattis	49.7299995
1222548152	2019-05-17 02:02:13	blandit	24.2900009
2536437392	2019-05-25 07:24:26	fusce	48.4199982
6995844062	2019-06-03 07:26:28	venenatis	25.1000004
1891311606	2019-04-22 01:11:05	vel	49.7900009
6263962819	2019-07-01 07:35:15	nisi	41.3300018
5213479806	2019-06-05 06:43:42	rutrum	35.4099998
4917642046	2019-06-30 06:32:09	non	41.9799995
5163136960	2019-06-28 03:30:08	id	43.0699997
6429525560	2019-05-27 14:49:50	varius	12.2299995
5980884348	2019-05-23 04:10:17	augue	23.8600006
5187980605	2019-07-04 18:25:29	maecenas	19.7800007
9584252946	2019-05-22 03:49:13	posuere	40.8699989
6557881923	2019-06-17 21:26:31	at	34.9900017
9589358282	2019-06-01 05:28:15	suscipit	17.2900009
5815901650	2019-06-26 10:09:02	cubilia	27.1599998
7700735797	2019-05-25 11:26:26	metus	45.0299988
2294078954	2019-06-03 21:12:14	praesent	35.9799995
505634927	2019-05-07 15:39:48	placerat	23.75
310261130	2019-07-11 01:50:53	orci	48.4000015
2035621966	2019-04-18 21:11:41	sapien	12.6999998
9936289435	2019-05-21 13:35:06	natoque	24.1100006
5163136960	2019-04-24 10:05:40	vel	48.0499992
6166918691	2019-05-19 13:00:52	mus	42.4799995
4917642046	2019-05-25 18:05:36	libero	33.9700012
5369745365	2019-06-20 07:43:53	nulla	49.7400017
5392268240	2019-05-12 17:47:06	ligula	47.8899994
9384484626	2019-05-24 19:02:04	varius	48.9500008
1313011963	2019-06-10 01:37:11	aliquam	10.5699997
9141707280	2019-04-26 11:52:55	purus	34.8100014
1463709927	2019-05-23 08:08:55	tellus	35.8600006
1785103565	2019-05-18 00:42:06	etiam	17.1800003
3878318201	2019-04-21 01:38:49	habitasse	19.0300007
6429525560	2019-05-02 13:47:19	in	39.6199989
6125666080	2019-06-23 20:00:52	vestibulum	13.6499996
2536437392	2019-05-16 17:08:32	proin	47.7599983
5974107696	2019-06-24 13:23:21	sit	29.5599995
169135376	2019-04-15 00:50:18	ades	43.5800018
4085022939	2019-04-28 00:28:36	sapien	43.2000008
616604556	2019-06-30 23:48:57	proin	30.3099995
5974107696	2019-06-20 14:00:00	Peminjaman	60
1222548152	2019-06-02 16:00:00	Peminjaman	1000
2294078954	2019-06-02 17:00:00	Peminjaman	1000
2294078954	2019-06-03 16:00:00	Peminjaman	1000
2294078954	2019-06-04 16:00:00	Peminjaman	1000
2294078954	2019-06-05 16:00:00	Peminjaman	1000
\.

*/
--
-- Data for Name: transaksi_khusus_peminjaman; Type: TABLE DATA; Schema: bike_sharing; Owner: db2018020
--
/*
COPY bike_sharing.transaksi_khusus_peminjaman (no_kartu_anggota, date_time, no_kartu_peminjam, datetime_pinjam, no_sepeda, id_stasiun) FROM stdin;
9584252946	2019-06-13 10:15:29	5338952194	2019-06-20 22:08:30	4762597392	3
649072314	2019-07-11 13:56:59	2060954917	2019-06-17 04:48:58	4945958322	18
7868329148	2019-05-11 11:58:59	616604556	2019-05-25 13:02:05	1929081950	609
5369745365	2019-04-15 02:13:57	3092189700	2019-06-16 00:21:20	9803229866	50
5980884348	2019-05-13 06:26:49	143749327	2019-04-23 05:42:46	4090655433	5
9384484626	2019-05-23 19:41:24	6995844062	2019-05-10 01:05:14	6497651680	145
5338952194	2019-05-13 21:27:19	3652497301	2019-04-26 18:45:23	1123393167	485
3652497301	2019-05-12 17:22:57	2712380605	2019-06-08 04:42:57	8232862136	8
3092189700	2019-07-10 10:46:52	9508988344	2019-06-21 22:51:47	2416368651	97
4814364271	2019-06-20 02:42:28	3878318201	2019-06-03 16:30:52	4615154862	5
9532562264	2019-06-20 05:56:17	2536437392	2019-06-16 20:23:41	3501594524	65
9804846711	2019-06-07 18:08:30	6802209317	2019-06-20 22:19:28	5991121238	2484
3878318201	2019-04-19 12:37:34	7269365889	2019-04-29 16:06:29	1337084581	10
6557881923	2019-06-28 19:22:29	5594074597	2019-05-23 20:26:45	6562005807	66536
1785103565	2019-05-01 06:59:39	9384484626	2019-05-21 20:08:03	8803972223	321
783395605	2019-04-28 07:25:13	1222548152	2019-07-06 23:11:13	2495581996	7454
143749327	2019-06-05 18:02:42	2035621966	2019-04-28 16:46:49	2162870213	29202
5594074597	2019-07-04 05:29:48	5974107696	2019-04-19 19:59:15	4273958386	9
9141707280	2019-07-10 07:49:55	7736826791	2019-06-22 11:04:30	4291616428	141
9508988344	2019-05-23 05:01:39	9532562264	2019-04-17 18:52:30	614313257	1377
8446831520	2019-06-23 21:17:47	6125666080	2019-05-29 13:21:20	6604080079	6
3399335933	2019-06-30 20:46:04	6614536761	2019-05-21 09:18:42	3678630367	7980
7929081883	2019-06-24 10:54:03	4085022939	2019-06-10 13:02:47	3509053075	548
9589358282	2019-06-20 21:40:50	5163136960	2019-04-27 00:50:12	3720706931	97720
6614536761	2019-06-30 21:31:35	7196569296	2019-07-02 14:04:26	1494700033	175
5424304958	2019-04-24 04:29:28	1278375495	2019-05-30 03:07:33	7220505436	50
1066760963	2019-07-11 05:08:40	694397452	2019-06-08 10:36:40	8140045062	65
3700001059	2019-05-20 14:47:20	8215037012	2019-05-14 21:58:54	757732365	141
9998854080	2019-06-07 09:09:12	5213479806	2019-04-22 04:46:55	4675648538	97
1222548152	2019-05-17 02:02:13	4814364271	2019-04-27 18:04:18	3321935589	145
2536437392	2019-05-25 07:24:26	6263962819	2019-04-26 21:25:01	7517149249	97720
6995844062	2019-06-03 07:26:28	9141707280	2019-06-01 15:45:17	6563649158	9
1891311606	2019-04-22 01:11:05	9804846711	2019-07-07 11:31:37	5386565058	29202
6263962819	2019-07-01 07:35:15	9589358282	2019-06-20 19:42:40	5090320479	10
5213479806	2019-06-05 06:43:42	5369745365	2019-05-10 12:11:45	7127870798	5
4917642046	2019-06-30 06:32:09	649072314	2019-05-12 16:43:59	5013392579	548
5163136960	2019-06-28 03:30:08	3399335933	2019-06-27 05:42:48	3218456735	10
6429525560	2019-05-27 14:49:50	3700001059	2019-04-15 19:51:37	3182292778	485
5980884348	2019-05-23 04:10:17	4750210708	2019-04-20 08:51:14	7828736719	97
5187980605	2019-07-04 18:25:29	1313011963	2019-05-08 01:32:41	1255711320	18
9584252946	2019-05-22 03:49:13	5392268240	2019-07-06 15:39:10	6821361426	9
6557881923	2019-06-17 21:26:31	2294078954	2019-06-23 12:10:29	6240328316	609
9589358282	2019-06-01 05:28:15	1467410994	2019-05-08 00:57:30	7870902758	66536
5815901650	2019-06-26 10:09:02	5980884348	2019-05-28 18:25:50	9544909204	8
7700735797	2019-05-25 11:26:26	6535374145	2019-04-13 03:24:18	7072091510	7980
5974107696	2019-06-20 14:00:00	5974107696	2019-06-20 10:00:00	614313257	6
1222548152	2019-06-02 16:00:00	1222548152	2019-06-01 01:00:00	7074332541	65
2294078954	2019-06-02 17:00:00	2294078954	2019-06-01 01:00:00	7074332541	65
2294078954	2019-06-03 16:00:00	2294078954	2019-06-02 01:00:00	7074332541	609
2294078954	2019-06-04 16:00:00	2294078954	2019-06-03 01:00:00	7074332541	609
2294078954	2019-06-05 16:00:00	2294078954	2019-06-04 01:00:00	7074332541	65
\.

*/
--
-- Data for Name: voucher; Type: TABLE DATA; Schema: bike_sharing; Owner: db2018020
--
/*
COPY bike_sharing.voucher (id_voucher, nama, kategori, nilai_poin, deskripsi, no_kartu_anggota) FROM stdin;
4239257418	Skinte	rutrum	8.10000038	Duis aliquam convallis nunc. Proin at turpis a pede posuere nonummy.	6802209317
3226207567	Blogspan	sapien arcu	8.46000004	Pellentesque eget nunc. Donec quis orci eget orci vehicula condimentum.	7736826791
2606915162	Youbridge	odio	5.63999987	Nunc rhoncus dui vel sem. Sed sagittis. Nam congue, risus semper porta volutpat, quam pede lobortis ligula, sit amet eleifend pede libero quis orci.	6535374145
8130895765	Browseblab	posuere felis	11.4200001	Suspendisse accumsan tortor quis turpis. Sed ante. Vivamus tortor.	5187980605
3902586873	Viva	vel lectus	6.53999996	In eleifend quam a odio. In hac habitasse platea dictumst.	368310941
5181944901	Buzzster	nibh	12.6800003	Vivamus vestibulum sagittis sapien. Cum sociis natoque penatibus et magnis dis parturient montes, nascetur ridiculus mus. Etiam vel augue.	3315398129
2208662888	Quimm	quam	13.54	Suspendisse accumsan tortor quis turpis. Sed ante.	5594074597
8618496811	Livepath	donec	9.22000027	Integer aliquet, massa id lobortis convallis, tortor risus dapibus augue, vel accumsan tellus nisi eu orci. Mauris lacinia sapien quis libero.	4085022939
367272430	Edgeblab	aliquam	15.1800003	Integer ac leo. Pellentesque ultrices mattis odio.	4917642046
1711415652	Yamia	tincidunt ante	6.3499999	Proin at turpis a pede posuere nonummy. Integer non velit. Donec diam neque, vestibulum eget, vulputate ut, ultrices vel, augue.	9804846711
5391332237	Skippad	tristique tortor	2.05999994	Integer tincidunt ante vel ipsum. Praesent blandit lacinia erat.	8197108591
9880962310	Dynabox	posuere cubilia	7.69000006	Etiam vel augue.	5815901650
8873863086	Flashset	consequat	4.32999992	Vestibulum ac est lacinia nisi venenatis tristique. Fusce congue, diam id ornare imperdiet, sapien urna pretium nisl, ut volutpat sapien arcu sed augue. Aliquam erat volutpat.	8215037012
1503837448	Quatz	sollicitudin	13.2200003	Morbi sem mauris, laoreet ut, rhoncus aliquet, pulvinar sed, nisl. Nunc rhoncus dui vel sem. Sed sagittis.	3700001059
254809617	Kaymbo	mauris non	17.4500008	Cras in purus eu magna vulputate luctus.	7269365889
2432905383	Divavu	convallis duis	19.8299999	Proin eu mi.	169135376
4311077765	BlogXS	sagittis nam	6	Pellentesque at nulla.	9936289435
3740557036	Twinder	eros elementum	3.71000004	Integer a nibh. In quis justo.	9584252946
4352401899	Ntags	ut	19.6900005	Suspendisse ornare consequat lectus. In est risus, auctor sed, tristique in, tempus sit amet, sem.	143749327
1989798756	Oyoloo	nisi venenatis	16.4699993	Vestibulum ante ipsum primis in faucibus orci luctus et ultrices posuere cubilia Curae; Donec pharetra, magna vestibulum aliquet ultrices, erat tortor sollicitudin mi, sit amet lobortis sapien sapien non mi.	5334008847
3415382008	Yabox	ut	18.7099991	Integer ac neque.	1313011963
8652055561	Innotype	etiam	2.99000001	Nulla suscipit ligula in lacus. Curabitur at ipsum ac tellus semper interdum. Mauris ullamcorper purus sit amet nulla.	505634927
7945562360	Edgewire	sit	12.4200001	Quisque erat eros, viverra eget, congue eget, semper rutrum, nulla. Nunc purus. Phasellus in felis.	616604556
2079308622	Quimba	morbi	16.4099998	Morbi porttitor lorem id ligula. Suspendisse ornare consequat lectus.	8446831520
6252992874	Flipstorm	cras mi	7.65999985	Vestibulum ac est lacinia nisi venenatis tristique.	2060954917
8054511556	Mydeo	pulvinar lobortis	17.9899998	Nullam varius. Nulla facilisi.	6694139383
6259972628	Fadeo	vivamus	10.4899998	Duis aliquam convallis nunc.	1467410994
6821981947	Thoughtbeat	aliquam	3.18000007	Aliquam quis turpis eget elit sodales scelerisque. Mauris sit amet eros. Suspendisse accumsan tortor quis turpis.	3878318201
7200438894	Flipopia	posuere	12.6599998	Suspendisse potenti.	9998854080
8219521226	Eazzy	lectus aliquam	8.82999992	Curabitur gravida nisi at nibh.	3652497301
8069013097	Vitz	morbi	7.9000001	In hac habitasse platea dictumst. Etiam faucibus cursus urna.	7196569296
4330738539	Realcube	nulla	2.86999989	Mauris ullamcorper purus sit amet nulla. Quisque arcu libero, rutrum ac, lobortis vel, dapibus at, diam.	5424304958
3020751627	Twinder	volutpat quam	19.6700001	Donec semper sapien a libero.	6614536761
6638899257	Youfeed	lorem id	10.2600002	Quisque erat eros, viverra eget, congue eget, semper rutrum, nulla. Nunc purus.	1785103565
795595878	Gabtune	quisque	12.9799995	Phasellus id sapien in sapien iaculis congue. Vivamus metus arcu, adipiscing molestie, hendrerit at, vulputate vitae, nisl. Aenean lectus.	5392268240
9462975035	Gabtype	consequat	16.4899998	Donec diam neque, vestibulum eget, vulputate ut, ultrices vel, augue. Vestibulum ante ipsum primis in faucibus orci luctus et ultrices posuere cubilia Curae; Donec pharetra, magna vestibulum aliquet ultrices, erat tortor sollicitudin mi, sit amet lobortis sapien sapien non mi. Integer ac neque.	310261130
9080789536	Riffpedia	at vulputate	14.8999996	Vivamus vestibulum sagittis sapien. Cum sociis natoque penatibus et magnis dis parturient montes, nascetur ridiculus mus. Etiam vel augue.	5369745365
7537738077	Eayo	ultrices aliquet	12.4799995	Nulla facilisi.	5980884348
4436067083	Gabtune	volutpat sapien	14.25	In sagittis dui vel nisl. Duis ac nibh. Fusce lacus purus, aliquet at, feugiat non, pretium quis, lectus.	4814364271
9544700372	Dablist	in	14.5600004	Suspendisse potenti. Cras in purus eu magna vulputate luctus. Cum sociis natoque penatibus et magnis dis parturient montes, nascetur ridiculus mus.	2035621966
1450281388	Browsezoom	augue quam	6.13000011	Nulla tempus. Vivamus in felis eu sapien cursus vestibulum. Proin eu mi.	9532562264
6691132071	Voomm	sapien	3.48000002	Morbi sem mauris, laoreet ut, rhoncus aliquet, pulvinar sed, nisl. Nunc rhoncus dui vel sem. Sed sagittis.	7868329148
9240592391	Voomm	blandit lacinia	19.2600002	Nulla suscipit ligula in lacus. Curabitur at ipsum ac tellus semper interdum.	9589358282
3206476496	Yabox	a nibh	17.5799999	Phasellus sit amet erat. Nulla tempus. Vivamus in felis eu sapien cursus vestibulum.	2294078954
8041086515	Jaxspan	at	5.55999994	Etiam justo.	2536437392
9902173506	Oyoyo	vestibulum	4.86000013	Vestibulum ac est lacinia nisi venenatis tristique. Fusce congue, diam id ornare imperdiet, sapien urna pretium nisl, ut volutpat sapien arcu sed augue. Aliquam erat volutpat.	9141707280
3616455940	Twitterworks	et eros	7.09000015	Proin at turpis a pede posuere nonummy. Integer non velit.	694397452
1754164395	Zoombox	lectus aliquam	14.04	Curabitur in libero ut massa volutpat convallis. Morbi odio odio, elementum eu, interdum eu, tincidunt in, leo.	1463709927
4842074831	Realbridge	ante vivamus	9.25	Nulla facilisi.	3092189700
2475454526	Jaxbean	elementum	1.02999997	Etiam justo. Etiam pretium iaculis justo.	1066760963
478168057	Skilith	consequat metus	5.44000006	Etiam justo. Etiam pretium iaculis justo.	6166918691
3508421184	Tavu	pellentesque	4.5999999	Suspendisse potenti.	5163136960
5721211245	Shufflebeat	felis	14.9200001	In hac habitasse platea dictumst. Maecenas ut massa quis augue luctus tincidunt. Nulla mollis molestie lorem.	7700735797
5821612055	Aimbo	duis	2.16000009	Praesent blandit. Nam nulla. Integer pede justo, lacinia eget, tincidunt eget, tempus vel, pede.	5974107696
4235712173	Kimia	eget eros	4.5	Etiam faucibus cursus urna. Ut tellus.	2387327077
\.
*/

--
-- Name: acara acara_pkey; Type: CONSTRAINT; Schema: bike_sharing; Owner: db2018020
--

ALTER TABLE ONLY bike_sharing.acara
    ADD CONSTRAINT acara_pkey PRIMARY KEY (id_acara);


--
-- Name: acara_stasiun acara_stasiun_pkey; Type: CONSTRAINT; Schema: bike_sharing; Owner: db2018020
--

ALTER TABLE ONLY bike_sharing.acara_stasiun
    ADD CONSTRAINT acara_stasiun_pkey PRIMARY KEY (id_acara, id_stasiun);


--
-- Name: anggota anggota_pkey; Type: CONSTRAINT; Schema: bike_sharing; Owner: db2018020
--

ALTER TABLE ONLY bike_sharing.anggota
    ADD CONSTRAINT anggota_pkey PRIMARY KEY (no_kartu);


--
-- Name: laporan laporan_pkey; Type: CONSTRAINT; Schema: bike_sharing; Owner: db2018020
--

ALTER TABLE ONLY bike_sharing.laporan
    ADD CONSTRAINT laporan_pkey PRIMARY KEY (id_laporan, no_kartu_anggota, datetime_pinjam, nomor_sepeda, id_stasiun);


--
-- Name: peminjaman peminjaman_pkey; Type: CONSTRAINT; Schema: bike_sharing; Owner: db2018020
--

ALTER TABLE ONLY bike_sharing.peminjaman
    ADD CONSTRAINT peminjaman_pkey PRIMARY KEY (no_kartu_anggota, datetime_pinjam, nomor_sepeda, id_stasiun);


--
-- Name: penugasan penugasan_pkey; Type: CONSTRAINT; Schema: bike_sharing; Owner: db2018020
--

ALTER TABLE ONLY bike_sharing.penugasan
    ADD CONSTRAINT penugasan_pkey PRIMARY KEY (ktp, start_datetime, id_stasiun);


--
-- Name: person person_email_key; Type: CONSTRAINT; Schema: bike_sharing; Owner: db2018020
--

ALTER TABLE ONLY bike_sharing.person
    ADD CONSTRAINT person_email_key UNIQUE (email);


--
-- Name: person person_pkey; Type: CONSTRAINT; Schema: bike_sharing; Owner: db2018020
--

ALTER TABLE ONLY bike_sharing.person
    ADD CONSTRAINT person_pkey PRIMARY KEY (ktp);


--
-- Name: petugas petugas_pkey; Type: CONSTRAINT; Schema: bike_sharing; Owner: db2018020
--

ALTER TABLE ONLY bike_sharing.petugas
    ADD CONSTRAINT petugas_pkey PRIMARY KEY (ktp);


--
-- Name: sepeda sepeda_pkey; Type: CONSTRAINT; Schema: bike_sharing; Owner: db2018020
--

ALTER TABLE ONLY bike_sharing.sepeda
    ADD CONSTRAINT sepeda_pkey PRIMARY KEY (nomor);


--
-- Name: stasiun stasiun_pkey; Type: CONSTRAINT; Schema: bike_sharing; Owner: db2018020
--

ALTER TABLE ONLY bike_sharing.stasiun
    ADD CONSTRAINT stasiun_pkey PRIMARY KEY (id_stasiun);


--
-- Name: transaksi transaksi_date_time_key; Type: CONSTRAINT; Schema: bike_sharing; Owner: db2018020
--

ALTER TABLE ONLY bike_sharing.transaksi
    ADD CONSTRAINT transaksi_date_time_key UNIQUE (date_time);


--
-- Name: transaksi_khusus_peminjaman transaksi_khusus_peminjaman_pkey; Type: CONSTRAINT; Schema: bike_sharing; Owner: db2018020
--

ALTER TABLE ONLY bike_sharing.transaksi_khusus_peminjaman
    ADD CONSTRAINT transaksi_khusus_peminjaman_pkey PRIMARY KEY (no_kartu_anggota, date_time);


--
-- Name: transaksi transaksi_pkey; Type: CONSTRAINT; Schema: bike_sharing; Owner: db2018020
--

ALTER TABLE ONLY bike_sharing.transaksi
    ADD CONSTRAINT transaksi_pkey PRIMARY KEY (no_kartu_anggota, date_time);


--
-- Name: voucher voucher_pkey; Type: CONSTRAINT; Schema: bike_sharing; Owner: db2018020
--

ALTER TABLE ONLY bike_sharing.voucher
    ADD CONSTRAINT voucher_pkey PRIMARY KEY (id_voucher);


--
-- Name: peminjaman cek_peminjaman; Type: TRIGGER; Schema: bike_sharing; Owner: db2018020
--

CREATE TRIGGER cek_peminjaman AFTER INSERT OR UPDATE ON bike_sharing.peminjaman FOR EACH ROW EXECUTE PROCEDURE bike_sharing.add_to_laporan();


--
-- Name: peminjaman new_row_di_tkp_dan_transaksi_trigger; Type: TRIGGER; Schema: bike_sharing; Owner: db2018020
--

CREATE TRIGGER new_row_di_tkp_dan_transaksi_trigger AFTER INSERT ON bike_sharing.peminjaman FOR EACH ROW EXECUTE PROCEDURE bike_sharing.new_row_di_tkp_dan_transaksi();


--
-- Name: peminjaman trigger_update_denda; Type: TRIGGER; Schema: bike_sharing; Owner: db2018020
--

CREATE TRIGGER trigger_update_denda AFTER UPDATE OF datetime_kembali ON bike_sharing.peminjaman FOR EACH ROW EXECUTE PROCEDURE bike_sharing.update_denda_peminjaman();


--
-- Name: acara_stasiun acara_stasiun_id_acara_fkey; Type: FK CONSTRAINT; Schema: bike_sharing; Owner: db2018020
--

ALTER TABLE ONLY bike_sharing.acara_stasiun
    ADD CONSTRAINT acara_stasiun_id_acara_fkey FOREIGN KEY (id_acara) REFERENCES bike_sharing.acara(id_acara) ON UPDATE CASCADE ON DELETE CASCADE;


--
-- Name: acara_stasiun acara_stasiun_id_stasiun_fkey; Type: FK CONSTRAINT; Schema: bike_sharing; Owner: db2018020
--

ALTER TABLE ONLY bike_sharing.acara_stasiun
    ADD CONSTRAINT acara_stasiun_id_stasiun_fkey FOREIGN KEY (id_stasiun) REFERENCES bike_sharing.stasiun(id_stasiun) ON UPDATE CASCADE ON DELETE CASCADE;


--
-- Name: anggota anggota_ktp_fkey; Type: FK CONSTRAINT; Schema: bike_sharing; Owner: db2018020
--

ALTER TABLE ONLY bike_sharing.anggota
    ADD CONSTRAINT anggota_ktp_fkey FOREIGN KEY (ktp) REFERENCES bike_sharing.person(ktp) ON UPDATE CASCADE ON DELETE CASCADE;


--
-- Name: transaksi_khusus_peminjaman data_peminjam_fkey; Type: FK CONSTRAINT; Schema: bike_sharing; Owner: db2018020
--

ALTER TABLE ONLY bike_sharing.transaksi_khusus_peminjaman
    ADD CONSTRAINT data_peminjam_fkey FOREIGN KEY (no_kartu_peminjam, datetime_pinjam, no_sepeda, id_stasiun) REFERENCES bike_sharing.peminjaman(no_kartu_anggota, datetime_pinjam, nomor_sepeda, id_stasiun) ON UPDATE CASCADE ON DELETE CASCADE;


--
-- Name: laporan laporan_no_kartu_anggota_fkey; Type: FK CONSTRAINT; Schema: bike_sharing; Owner: db2018020
--

ALTER TABLE ONLY bike_sharing.laporan
    ADD CONSTRAINT laporan_no_kartu_anggota_fkey FOREIGN KEY (no_kartu_anggota, datetime_pinjam, nomor_sepeda, id_stasiun) REFERENCES bike_sharing.peminjaman(no_kartu_anggota, datetime_pinjam, nomor_sepeda, id_stasiun) ON UPDATE CASCADE ON DELETE CASCADE;


--
-- Name: sepeda no_kartu_penyumbang_fkey; Type: FK CONSTRAINT; Schema: bike_sharing; Owner: db2018020
--

ALTER TABLE ONLY bike_sharing.sepeda
    ADD CONSTRAINT no_kartu_penyumbang_fkey FOREIGN KEY (no_kartu_penyumbang) REFERENCES bike_sharing.anggota(no_kartu) ON UPDATE CASCADE ON DELETE CASCADE;


--
-- Name: peminjaman peminjaman_id_stasiun_fkey; Type: FK CONSTRAINT; Schema: bike_sharing; Owner: db2018020
--

ALTER TABLE ONLY bike_sharing.peminjaman
    ADD CONSTRAINT peminjaman_id_stasiun_fkey FOREIGN KEY (id_stasiun) REFERENCES bike_sharing.stasiun(id_stasiun) ON UPDATE CASCADE ON DELETE CASCADE;


--
-- Name: peminjaman peminjaman_no_kartu_anggota_fkey; Type: FK CONSTRAINT; Schema: bike_sharing; Owner: db2018020
--

ALTER TABLE ONLY bike_sharing.peminjaman
    ADD CONSTRAINT peminjaman_no_kartu_anggota_fkey FOREIGN KEY (no_kartu_anggota) REFERENCES bike_sharing.anggota(no_kartu) ON UPDATE CASCADE ON DELETE CASCADE;


--
-- Name: peminjaman peminjaman_nomor_sepeda_fkey; Type: FK CONSTRAINT; Schema: bike_sharing; Owner: db2018020
--

ALTER TABLE ONLY bike_sharing.peminjaman
    ADD CONSTRAINT peminjaman_nomor_sepeda_fkey FOREIGN KEY (nomor_sepeda) REFERENCES bike_sharing.sepeda(nomor) ON UPDATE CASCADE ON DELETE CASCADE;


--
-- Name: penugasan penugasan_id_stasiun_fkey; Type: FK CONSTRAINT; Schema: bike_sharing; Owner: db2018020
--

ALTER TABLE ONLY bike_sharing.penugasan
    ADD CONSTRAINT penugasan_id_stasiun_fkey FOREIGN KEY (id_stasiun) REFERENCES bike_sharing.stasiun(id_stasiun) ON UPDATE CASCADE ON DELETE CASCADE;


--
-- Name: penugasan penugasan_ktp_fkey; Type: FK CONSTRAINT; Schema: bike_sharing; Owner: db2018020
--

ALTER TABLE ONLY bike_sharing.penugasan
    ADD CONSTRAINT penugasan_ktp_fkey FOREIGN KEY (ktp) REFERENCES bike_sharing.petugas(ktp) ON UPDATE CASCADE ON DELETE CASCADE;


--
-- Name: petugas petugas_ktp_fkey; Type: FK CONSTRAINT; Schema: bike_sharing; Owner: db2018020
--

ALTER TABLE ONLY bike_sharing.petugas
    ADD CONSTRAINT petugas_ktp_fkey FOREIGN KEY (ktp) REFERENCES bike_sharing.person(ktp);


--
-- Name: sepeda sepeda_id_stasiun_fkey; Type: FK CONSTRAINT; Schema: bike_sharing; Owner: db2018020
--

ALTER TABLE ONLY bike_sharing.sepeda
    ADD CONSTRAINT sepeda_id_stasiun_fkey FOREIGN KEY (id_stasiun) REFERENCES bike_sharing.stasiun(id_stasiun) ON UPDATE CASCADE ON DELETE CASCADE;


--
-- Name: transaksi_khusus_peminjaman transaksi_khusus_peminjaman_no_kartu_anggota_fkey; Type: FK CONSTRAINT; Schema: bike_sharing; Owner: db2018020
--

ALTER TABLE ONLY bike_sharing.transaksi_khusus_peminjaman
    ADD CONSTRAINT transaksi_khusus_peminjaman_no_kartu_anggota_fkey FOREIGN KEY (no_kartu_anggota, date_time) REFERENCES bike_sharing.transaksi(no_kartu_anggota, date_time) ON UPDATE CASCADE ON DELETE CASCADE;


--
-- Name: transaksi transaksi_no_kartu_anggota_fkey; Type: FK CONSTRAINT; Schema: bike_sharing; Owner: db2018020
--

ALTER TABLE ONLY bike_sharing.transaksi
    ADD CONSTRAINT transaksi_no_kartu_anggota_fkey FOREIGN KEY (no_kartu_anggota) REFERENCES bike_sharing.anggota(no_kartu) ON UPDATE CASCADE ON DELETE CASCADE;


--
-- Name: voucher voucher_no_kartu_anggota_fkey; Type: FK CONSTRAINT; Schema: bike_sharing; Owner: db2018020
--

ALTER TABLE ONLY bike_sharing.voucher
    ADD CONSTRAINT voucher_no_kartu_anggota_fkey FOREIGN KEY (no_kartu_anggota) REFERENCES bike_sharing.anggota(no_kartu) ON UPDATE CASCADE ON DELETE CASCADE;


--
-- Name: SCHEMA public; Type: ACL; Schema: -; Owner: postgres
--

REVOKE ALL ON SCHEMA public FROM PUBLIC;
REVOKE ALL ON SCHEMA public FROM postgres;
GRANT ALL ON SCHEMA public TO postgres;
GRANT ALL ON SCHEMA public TO PUBLIC;


--
-- PostgreSQL database dump complete
--

